[
    {
        "code": "CS101",
        "name": "Introduction to Computer Science",
        "instructor": "Dr. Smith",
        "semester": "Fall 2024",
        "schedule": "Mon, Wed, Fri 10:00-11:00 AM",
        "classroom": "Room 101",
        "prerequisites": "None",
        "grading": "Midterm 30%, Final 50%, Homework 20%",
        "description": "An introduction to the basics of computer science."
    },
    {
        "code": "CS 203",
        "name": "Software and Tools for AI",
        "instructor": "Prof. Mayank Singh",
        "semester": "Fall 2025",
        "schedule": "Mon, Wed, Fri 10:00-11:00 AM",
        "classroom": "AB 7/109",
        "prerequisites": "Basic Python, Linux",
        "grading": "50% Assignment, 50% Quiz",
        "description": ""
    },
    {
        "code": "CS 699",
        "name": "dsa3",
        "instructor": "Dinesh",
        "semester": "",
        "schedule": "8:00 - 13:55",
        "classroom": "",
        "prerequisites": "nil",
        "grading": "",
        "description": ""
    }
]